descripcion,precio,titulo
Hermoso bulldog ingles exotico color LiLac Tri para servicio de montas saca crias en todos los colores como se puede ver en las fotos últimas . SEMENTAL IMPORTADO COMPROBADO!! DANDO HIJOS DE CALIDAD Y TODOS LOS COLORES (exóticos),499,Bulldog Ingles Lilac Tri Para Monta
"Camas y colchonetas personalizadas para sus mascotas desde $35 dólares (dependiendo del modelo de la cama) para poder comunicarse con nosotros pueden aplastar el botón de comprar. Las cama consta de la estructura de madera, el colchón y un cojín pequeño, si gusta le colocamos el nombre de su mascota. Se detallan las medidas de los diferentes modelos de las camas y las colchonetas:,45 x 50cm.,60 x 50 cm.,75 x 50 cm.,1m. x 60 cm.,1.20m. X 70cm.,También realizamos comedores de 3 diferentes tamaños y costos,#Pequeño,#Mediano,#Grande",35,Camas Para Perros
Hermosos cachorros labrador retriever vacunados y desparacitados. Están muy bien cuidados con las vacunas al día. Garantia de pureza y salud. Con gusto pueden acercarse a conocerlos o se realizan envíos a todo el país.,240,Cachorros Labrador Retriever Padres Con Pedigree Hermosos
ENVIOS Y ENTREGAS A NIVEL NACIONAL,360,Pug Carlino    Envios  Y Entregas A Nivel Nacional
Lindo husky siberiano macho de dos meses de edad vacunado desparasitado y vitaminado listos para entregar el precio es fijo 180 ya cuenta con vacuna y Carnet de vacunación.,180,Husky Siberiano Macho Blanco
"Mira ahora nuestro vídeo y conoce más sobre nosotros y nuestros productos.,¿Tu mascota ha convertido tu hogar en su baño?,¿Cansado del mal olor y limpiar todo el tiempo las necesidades de tu mascota dentro de casa?,Es tiempo de olvidarte de este problema al igual que las millones de personas que ya adquirieron su Potty Patch. Gracias a la suave superficie de césped Sintético que se ve y siente como césped real tu mascota se sentirá atraída a su Potty Patch cuando sea momento de ir al baño.,Su sistema de drenaje especial te facilitará la limpieza ya que al final del día simplemente debas vaciar la bandeja de líquidos inferior y nuevamente estará listo para usar.,Potty Patch es el complemento ideal para mantener a tu mascota feliz y entrenarla de manera sencilla a la hora de a ir al baño.,Ideal Para Gatos y Perros.,Tapete Baño de Mascotas para Interiores Potty Patch,- Potty patch evitara que su mascota haga sus necesidades en cualquier lugar de su hogar,- Perfecto para patios e interiores,- Hierba sintética anti-microbiana resistente al olor,- Fácil de limpiar Soporta hasta 7.5 kg,Tiene 3 capas:,-La primera evitara que la mascota manche muebles y pisos con sus patas,-La segunda captura y encapsula los malos olores que podrían generar los desechos,-La tercera contiene y evita que los líquidos se escurran y ensucien las superficies.,Medidas Tapete Baño de Mascotas para Interiores Potty Patch:,- Largo 69.5cm,- Ancho 44.5 cm,- Alto 4.5 cm,====== CESPEDECUADOR PRODUCTOS:,Descubre ahora la gran variedad de opciones decorativas que te ofrecen nuestras gamas de:,• Césped Sintético Decorativo,• Jardines verticales Artificiales,• Plantas y Árboles Artificiales,• Macetas,• Además, disponemos del mejor Césped Sintético deportivo para canchas.,Contáctanos hoy mismo dando click a comprar sin compromiso alguno y solicita asesoría personalizada gratuita de nuestras asesoras profesionales.,Somos MERCADO LIDER GOLD Reconocimiento otorgado por Mercadolibre en base a años de excelente reputación, calificaciones positivas y confianza por parte de nuestros clientes.,Estamos siempre gustosos de servirte.,***** CESPEDECUADOR *****,***** MERCADOLIDER GOLD *****,***** Compra 100% segura. *****",67,Potty Patch Entrenamiento Higiénico Para Tus Mascotas
Beagle tricolor en venta,420,Beagle Tricolor En Venta
Pug carlino envíos y entregas a todo el país,420,"Pug Carlino, Envíos Y  Entregas A Todo El País."
"SOLO DISPONGO DE HEMBRA la de la foto Excelente bulldog francés pura hembrita con gen Blue Merle ambos padres a la vista.Fotos reales atigrada con blanco se entrega de dos meses de edad con dos vacunas y dos desparasitadas lo que le garantiza una compra segura, antes de comprar realizar todas las preguntas necesarias estamos en quitó. El valor es fijo. Cualquier duda preguntar antes de comprar. Ambos padres a la Vista EL PRECIO ES FIJO",700,Bulldog Francés
"LOCALES EN QUITO SECTOR LA VILLAFLORA Y LA CAROLINA.,Kennel Jaula Caja Transporte Perros Gatos Cachorros Animales Grandes.,,Dimensiones : 70 cm largo x 45 alto x 45 ancho Precio 75 dólares,Dimensiones : 80 cm largo x 60 alto x 55 ancho Precio 125 dólares,Dimensiones : 108 cm largo x 75 alto x 67 ancho Precio 204 dólares,Excelente calidad.,Entrega inmediata.,100 % Nuevo.,Formas de pago: Efectivo, depósito, transferencia bancaria, aceptamos todas las tarjetas de crédito.,Costos de envío corren por cuenta del comprador.,Horarios de atención son: lunes a Sábado: 9:00AM A 18:00PM, Domingos y Feriados 10:00 AM A 16:00 PM.",75,Jaula Kennel Grandes  Perros Gatos Cachorros Animales
"""""""ANTES DE DAR CLICK EN COMPRAR REALIZE TODAS LAS PREGUNTAS NECESARIAS, SI NO SE REALIZA LA VENTA EN 48 HORAS SE CALIFICARA NEGATIVAMENTE """""",excelentes ejemplares en genética Beagle tricolor disponemos de machos y hembras fotos a la vista envíos a nivel nacional a cualquier provincia del pais",410,Beagle Tricolor  Envíos Y Entregas A Todo El País
"""""""ANTES DE DAR CLICK EN COMPRAR REALIZE TODAS LAS PREGUNTAS NECESARIAS, SI NO SE REALIZA LA VENTA EN 48 HORAS SE CALIFICARA NEGATIVAMENTE """"""",300,Doberman Aleman Envios Y Entregas A Todo El Pais
Cachorro husky siberiano de dos meses de edad vacunados desparasitados y vitaminados con el Carnet de vacunas al día mamá presente cachorros puros,200,Husky Siberiano Padres De Pedigree
"Somos *PLANETA LED* MERCADO LÍDER GOLD.,DISPONEMOS LOCALES EN CUENCA - AMBATO Y QUITO,------------------------------------------------------------------------------------------------------,Kit Cortadora De Pelo Para Mascota Sonar Pet Clipper,- Kit completo Sonar corta pelo de Perro y Gatos, El motor de precisión con baja vibración y diseño ultra silencioso, Batería recargable de larga duración, Cuchilla de titanio se combina con la cuchilla móvil de cerámica para un corte eficiente y prolongado, Cuchilla calibrada con 5 niveles.,- 4 Cepillo de Niveles,- Manual del usuario,- Aceite Lubricante,-cortauñas,---------------------------------------------------,CIUDAD Y HORARIOS:,-CUENCA: SECTOR CALLE LARGA,-AMBATO : CALLE BOLÍVAR,-QUITO: NORTE: SECTOR MARISCAL,- CENTRO: SECTOR COLEGIO MEJIA,- SUR: VILLAFLORA,-HORARIO DE ATENCIÓN :,LUNES A SÁBADOS DE 9 DE LA MAÑANA HASTA LAS 18:00H HORARIO CONTINUO * PARA UN MEJOR SERVICIO Y RESPALDO*,TIENE GARANTÍA EL PRODUCTO ??,TODOS NUESTROS PRODUCTOS SON NUEVOS TIENEN GARANTÍA POR DEFECTO DE FABRICACIÓN - NO REFURBISHED.,SE ENVÍA A OTRAS CIUDADES??,SE ENVÍA A TODO EL PAÍS A TRAVÉS DE TRAMACO EXPRESS Y SERVIENTREGA,EL COSTO DEL ENVIÓ ES DE $3 EN LA CIUDAD DE QUITO Y $5 A PROVINCIA ASUMIDO POR EL CLIENTE,PUDIENDO EL VALOR DEL FLETE AUMENTAR DE ACUERDO AL VOLUMEN Y PESO DEL PRODUCTO ADQUIRIDO,EN QUE TIEMPO LLEGA EL PRODUCTO??,SI ES EN QUITO O PROVINCIA EN LA MAYORÍA DE LOS CASOS AL DÍA SIGUIENTE DE HABER CONFIRMADO EL DEPOSITO.,EN TRAYECTOS Y CIUDADES ESPECIALES HASTA EN 48 HORAS LABORABLES",20,Kit De Rasuradora Para Mascotas + Cortauñas + Accesorios Pro
Husky siberianos puros macho y hembra vacunados desparasitados y vitaminados listos para entregar ya comen solos y tienen Carnet de vacunas al día precio fijo fotos actuales y reales.,180,Husky Siberianos
Lindos husky siberianos machos y hembras fotos reales y actuales precio fijo ya están de dos meses de edad vacunados y desparasitados.,180,Husky Siberiano Puros
"----------------------------------------------------------------------------------------------------------------,SOMOS IMPORTADORES DIRECTOS CON LOS PRECIOS MAS BAJOS DEL PAIS,VENTAS DIRECTAS AL POR MAYOR Y AL POR MENOR.,ENVIOS DIRECTOS A DOMICILIO EN TODO EL ECUADOR POR SERVIENTREGA.,----------------------------------------------------------------------------------------------------------------,- QUITO NORTE: Sector Estadio Atahualpa.,- QUITO SUR: Sector Villa Flora.,- GUAYAQUIL: Sector Universidad de Guayaquil.,- AMBATO : Sector Centrico.,- CUENCA: Sector Centrico.,- MANTA: Sector Centrico.,----------------------------------------------------------------------------------------------------------------,DESCRIPCION DEL PRODUCTO,----------------------------------------------------------------------------------------------------------------,Kit completo Sonar corta pelo de Perro y Gatos, El motor de precisión con baja vibración y diseño ultra silencioso, Batería recargable de larga duración, Cuchilla de titanio se combina con la cuchilla móvil de cerámica para un corte eficiente y prolongado, Cuchilla calibrada con 5 niveles.,- 4 Cepillo de Niveles,- Peine de acero inoxidable,- Cortauñas,- Lima de uñas,- Cepillo de limpieza,- Mccesorios de peine,- Manual del usuario,- Aceite Lubricante,- Cargador,----------------------------------------------------------------------------------------------------------------,*** POLITICAS DE VENTA ***,----------------------------------------------------------------------------------------------------------------,* Precio para pagos en efectivo y Depositos.,* Precio sujeto a cambio sin previo aviso.,* Colores y modelo puede variar segun el stock.,* Envíos gratuitos aplican restricciones,----------------------------------------------------------------------------------------------------------------,*** COMO REALIZAR SU COMPRA ***,----------------------------------------------------------------------------------------------------------------,1. Da click en el botón comprar.,2. Escribenos directamente al WhatsApp o dejanos un mensaje.,3. Acordar la forma de pago y envio.,4. Reciba su compra en su domicilio o visite nuestros locales.,5. No olvides calificarnos positivo eso nos ayuda a seguir creciendo.,----------------------------------------------------------------------------------------------------------------,*** GRACIAS POR ELEGIRNOS ***,----------------------------------------------------------------------------------------------------------------",17,Maquina Recargable Kit Corta Pelo De Mascota Perro
"SOMOS DISTRIBUIDORA VASQUEZ, CONTAMOS CON LOCALES EN GUAYAQUIL, QUITO Y CUENCA,GUAYAQUIL: URDESA, CIRCUNVALACION SUR,C.C. GRAN ALBOCENTRO,C.C. ECONEGOCIOS,QUITO: SECTOR RUMIÑAHUI AV. REAL AUDIENCIA,CUENCA : SECTOR TOTORACOCHA AV. LOS ANDES,------------------------------------------------------------------------------------------,Especificación de producto:,,Material: ABS,Voltaje: 4,5 V,LED: 3 W COB LED,Brillo: 150 lúmenes,Tipo de batería de luz: 3 pilas AAA(No incluido),Control remoto tipo de batería: 2 pilas AAA(No incluido),Tipo de interruptor: toque o control remoto,Distancia de Control: hasta 15 pies,2 formas fáciles de instalar: pegatinas fáciles de pegar y tornillos de expansión.,,Características:,,Fácil de instalar, se puede instalar en cualquier lugar que desee encender;,El mando a distancia permite que la lámpara ajuste el brillo del nivel 2 y el control del tiempo, apaga la luz en 30 minutos de forma inalámbrica, hasta 15 pies de distancia;,También puedes encender/apagar la luz del disco haciendo clic en el interruptor de la Lente de la luz ¡!,Alimentado por batería AAA para instalación inalámbrica.,Adecuado para cocinas, armarios, armarios, contadores, estanterías, garajes, sótanos o lugares oscuros similares en los que es necesario tener una iluminación fuerte constantemente en minutos.,--------------------------------------------------------------------------------------------,REALIZAMOS ENVIOS A TODO EL PAIS",7,Set Luces Led De 3w Para Clóset + Control Remoto (pack 3u)
"Chunky® Adulto 25 Kg.,El concentrado para perros adultos Chunky con sabor a pollo ,será una excelente opción de alimentación saludable para tu perro. Su fuente principal de proteína viene del pollo y es un alimento fabricado  bajo exigentes normas de calidad que proporcionará una nutrición completa y balanceada a tu perro adulto. Gracias a sus altos niveles de nutrientes como vitaminas, minerales, antioxidantes, ácidos grasos omegas, entre otros; Este concentrado contribuirá a la buena salud en general y al mantenimiento de la piel y el pelaje. Además, gracias al DH pack y a su alto nivel de fibra también favorecerá la digestión y la protección del tracto gastrointestinal.",56,Chunky Adulto  25kg
"SOMOS NEGOVENTAS IMPORT,EMPRESA LIDER EN VENTAS ONLINE,LOCALES EN LAS CIUDADES DE GUAYAQUIL, QUITO Y CUENCA.,ENVIOS A TODO EL ECUADOR.,DISPONEMOS LOCALES PARA UN MEJOR SERVICIO DE ATENCION INMEDIATA DE LUNES A DOMINGO,GUAYAQUIL (SECTOR NORTE URDESA CENTRAL) LUNES A VIERNES 9 AM A 19 PM - SABADOS 9 AM A 17PM - DOMINGOS 9 AM A 15 PM.,QUITO (SECTOR NORTE SAN CARLOS) LUNES A VIERNES 9 AM A 19 PM - SABADOS 9 AM A 17PM - DOMINGOS 9 AM A 15 PM.,CUENCA (SECTOR NORTE TOTORACOCHA) LUNES A VIERNES 9 AM A 19 PM - SABADOS 9 AM A 17PM - DOMINGOS 9 AM A 15 PM.,ENVIOS A TODO EL ECUADOR PREVIO DEPOSITO BANCARIO A DOMICILIO O AGENCIAS DE RETIRO, SU PRODUCTO LE LLEGARIA DE 24 A 48 HORAS,VENTAS AL POR MENOR Y MAYOR,NUESTROS PRECIOS SON LOS MEJORES DEL MERCADO,NUESTROS PRODUCTOS TIENEN GARANTIA,TODO PRODUCTO ES REVISADO Y ENTREGADO TOTALMENTE PROBADO PARA SU SEGURIDAD,FORMAS DE PAGO : EFECTIVO - TARJETA DE CREDITO Y DEBITO (DENTRO DE LOCALES) - DEPOSITO BANCARIO - TRANSFERENCIA BANCARIA,HAGA CLIK EN COMPRAR Y TOMAREMOS SU PEDIDO,SU SASTIFACCION ES NUESTRO DEBER",12,Cama Para Perros Gatos Mascotas Afelpadas Acojedor
"SOMOS DISTRIBUIDORA VASQUEZ, CONTAMOS CON LOCALES EN GUAYAQUIL, QUITO Y CUENCA, PARA QUE REALICE SU COMPRA DE FORMA SEGURA Y CON GARANTIA,,------------------------------------------------------------------------------------------------------------------------------------------------------------------------------------------------,GUAYAQUIL: AV. LAS AGUAS URDESA CENTRAL,,QUITO: SECTOR RUMIÑAHUI AV. REAL AUDIENCIA,,CUENCA: SECTOR TOTORACOCHA AV. LOS ANDES,,--------------------------------------------------------------------------------------------------------------------------------------------------------------------------------------------------,Descripción del producto:,Super silencioso : motor de precisión, baja vibración y diseño ultra silencioso, libre de ruido de trabajo con sólo unos 50 db, para ayudar a la sensación de mascota a gusto, corte de pelo no miedo más. Motor potente (cuyo huso está hecho de cobre fino), no para sujetar y dañar el pelo del animal doméstico.,Diseño sin cable: Diseño ligero e inalámbrico para un uso fácil. El kit de aseo para mascotas está equipado con un cargador. Carga de cinco horas, puede sostener usos de 70 minutos. Con la podadora inalámbrica, ya no puede ser molestado por el problema de reemplazar las baterías o cables aburridos.,4 Combinaciones de guias: El peine de recorte ajustable es aplicable para cortar el pelo de diferentes longitudes; Y los peines desmontables de la guía hacen para cambios rápidos, fáciles del peine y la versatilidad creciente. Con 4 peines guía de accesorio: adelgazamiento, (3mm / 6mm / 9mm / 12mm), pieles que se ajustan a los contornos del cuello lo hacen seguro, fácil y cómodo.,Lamina afilada: La lámina fija del acero inoxidable de la alta calidad y la lámina móvil proporcionan el funcionamiento excelente del corte. La hoja afilada bastante eventhough él después de un uso largo del tiempo y asegura la alta durabilidad. Cuchillas desmontables para facilitar el cambio y la limpieza: ajuste el ajuste del collar a 2,0 mm, luego sujete la cuchilla y empuje hacia abajo.,Notificación: Si tu mascota tiene cabello largo y grueso, como los pastores alemanes, La Habana, Himalaya, Yorkie, necesitas usar tijeras (incluidas) cortar parte de ellos al principio, de lo contrario las podadoras se atascarán y no funcionarán correctamente.,,---------------------------------------------------------------------------------------------------------------------------------------------------------------------------------------------,,REALIZAMOS ENVIOS A TODO EL PAIS",17,Kit De Rasuradora Para Mascotas + Cortauñas + Accesorios
"Placas de perro en acero inoxidable realizadas con grabado láser.,No se pela, ni se raya. Es una marca directa en la placa de acero.,Mantén identificado a tu mascota con una placa totalmente personalizada en acero inoxidable.,********HORARIO DE ATENCIÓN Y UBICACIÓN**********,SOMOS BRULER.,LUNES A VIERNES DE 07:00 A 18:00,SÁBADOS Y DOMINGOS DE 09:00 A 18:00,ESTAMOS UBICADOS AL NORTE DE QUITO POR EL ANTIGUO AEROPUERTO. PRENSA Y ZAMORA.",7,Placa De Identificación De Mascota Perro En Acero Inoxidable
"Alimento con vitaminas y minerales para la vida sana de tu perro adulto de raza mediana o grande,* Con fibras naturales para una digestión óptima y heces firmes,* Proteína y equilibrio ideal de aminoácidos para músculos fuertes,* Con omega 6 para una piel y pelo saludable,* Granos texturizados que ayudan a reducir la formacion de sarro y a mantener dientes y encías sanas,Ingredientes principales:,Carne y Pollo,Maíz,Avena,Vitaminas A,D,E y complejo B,Minerales",64,Pedigree Adulto 25kg
"LOCALES EN QUITO SECTOR REDONDEL DE LA VILLAFLORA – CAROLINA,,Haz que tu Perro aprenda a hacer sus necesidades en el lugar adecuado,El tamaño del tapete es para perro desde pequeño hasta mediano, pero también funciona para gatos.,Baño para Perros es perfecto si tu mascota vive contigo en departamento o dentro de la casa,Portátil, fácil de limpiar y no tóxico,Medidas: 47×34×6 cm,Sistema de 3 niveles: el primero es un tapete sintético tipo césped, el segundo es una charola reja y el tercero es una base recolectora,Material completamente lavable, por lo tanto tu mascota podrá usarlo muchas veces,Formas de pago: Efectivo, depósito, transferencia bancaria, aceptamos todas las tarjetas de crédito.,Costos de envío corren por cuenta del comprador.,Horarios de atención son: lunes a Sábado: 9:00AM A 18:00PM, Domingos y Feriados 10:00 AM A 16:00 PM.",10,Baño Ecológico Para Mascotas Perros Puppy Potty Pad
"PURINA® DOG CHOW® Cachorros Todos los Tamaños,Tu perro es único - ya creció y le fascina ser un miembro activo de tu familia. Es por eso que se merece un alimento que nutra todo lo que lo hace tan especial. PURINA® DOG CHOW® Cachorros Todas los Tamaños está específicamente formulado con los nutrientes e ingredientes de calidad que lo ayudarán a tener salud y vitalidad por muchos más años.",62,Dog Chow Cachorros 22.7kg Extra Life Razas Medianas Y Grande
"SOMOS DISTRIBUIDORA VASQUEZ, CONTAMOS CON LOCALES EN GUAYAQUIL, QUITO Y CUENCA, PARA QUE REALICE SU COMPRA DE FORMA SEGURA Y CON GARANTIA,-----------------------------------------------------------------------------------,GUAYAQUIL: URDESA, CIRCUNVALACION SUR,C.C. GRAN ALBOCENTRO,C.C. ECONEGOCIOS,QUITO: SECTOR RUMIÑAHUI AV. REAL AUDIENCIA,CUENCA: SECTOR TOTORACOCHA AV. LOS ANDES,------------------------------------------------------------------------------------------------------,Para perros de pelo corto de 23-41 kg,El borde de acero inoxidable se desliza por debajo de la capa superficial de pelo de la mascota para eliminar con delicadeza la capa inferior y el pelo suelto y muerto,Reduce la muda del pelo hasta en un 90%; mejor que los cepillos y peines convencionales,El botón FURejector limpia y retira el pelo suelto de la herramienta con facilidad,Diseñada por un profesional para optimizar los resultados,Utilizada y recomendada por veterinarios y profesionales del aseo animal,Encontrar la herramienta idónea para las características de cada perro mejora notablemente los resultados del aseo.,Utilice la herramienta FURminator 1-2 veces por semana en sesiones de 10-20 minutos.,Aumente la frecuencia en la temporada de mayor caída del pelo.,Para mejorar la eficacia de las herramientas, utilice primero un champú o spray en seco FURminator.,--------------------------------------------------------------------------------------------------------------------,REALIZAMOS ENVIOS A NIVEL NACIONAL",6,Cepillo Furminator Peine Cortador De Pelo Para Mascotas
"SOMOS DISTRIBUIDORA VASQUEZ, CONTAMOS CON LOCALES EN GUAYAQUIL, QUITO Y CUENCA, PARA QUE REALICE SU COMPRA DE FORMA SEGURA Y CON GARANTIA,-----------------------------------------------------------------------------------,GUAYAQUIL: URDESA, CIRCUNVALACION SUR,C.C. GRAN ALBOCENTRO,C.C. ECONEGOCIOS,QUITO: SECTOR RUMIÑAHUI AV. REAL AUDIENCIA,CUENCA: SECTOR TOTORACOCHA AV. LOS ANDES,------------------------------------------------------------------------------------------------------,Esta jaula sirve para el transporte de mascotas, es una excelente alternativa para trasladar a su perro o gato en el automóvil, y lo haga cómodamente, sin ningún tipo de molestias o incomodidades, pues reducir las ventanas del vehículo, disminuirá también tener un perro estresado.,Asimismo es de alta calidad y durabilidad, de fácil uso en la manipulación. Viene con puerta y pequeñas ventanas como especie de rejillas para que tenga luz y la suficiente visualización para que se mantenga tranquilo.,VENTAJAS:,Jaula resistente para mascotas.,Fácil de montar.,Se lava sin problemas.,USO Y ESPECIFICACIONES:,Jaula para perros y gatos, ideal para transportar a tu mascota con facilidad.,Medidas: 54 cm de largo, 35 cm de ancho y 36 cm de alto.,---------------------------------------------------------------------------------------,REALIZAMOS ENVÍOS A NIVEL NACIONAL",14,Jaula Para Transporte Fácil De Mascotas Razas Pequeñas
"SOMOS NEGOVENTAS IMPORT,EMPRESA LIDER EN VENTAS ONLINE,LOCALES EN LAS CIUDADES DE GUAYAQUIL, QUITO Y CUENCA.,ENVIOS A TODO EL ECUADOR.,CARACTERISTICAS:,- Material: Plástico PP y el césped de plástico,- Color: verde,- Embalaje: 1 unidad/bolsa,- Tamaño de los productos: 47 cm x 34 cm x 6 cm,DISPONEMOS LOCALES PARA UN MEJOR SERVICIO DE ATENCION INMEDIATA DE LUNES A DOMINGO,GUAYAQUIL (SECTOR NORTE URDESA CENTRAL) LUNES A VIERNES 9 AM A 19 PM - SABADOS 9 AM A 17PM - DOMINGOS 9 AM A 15 PM.,SUCURSAL ALBORA CENTRO COMERCIAL PLAZA MAYOR LOCAL #54,QUITO (SECTOR NORTE SAN CARLOS) LUNES A VIERNES 9 AM A 19 PM - SABADOS 9 AM A 17PM - DOMINGOS 9 AM A 15 PM.,CUENCA (SECTOR NORTE TOTORACOCHA) LUNES A VIERNES 9 AM A 19 PM - SABADOS 9 AM A 17PM - DOMINGOS 9 AM A 15 PM.,ENVIOS A TODO EL ECUADOR PREVIO DEPOSITO BANCARIO A DOMICILIO O AGENCIAS DE RETIRO, SU PRODUCTO LE LLEGARIA DE 24 A 48 HORAS,VENTAS AL POR MENOR Y MAYOR,NUESTROS PRECIOS SON LOS MEJORES DEL MERCADO,NUESTROS PRODUCTOS TIENEN GARANTIA,TODO PRODUCTO ES REVISADO Y ENTREGADO TOTALMENTE PROBADO PARA SU SEGURIDAD,FORMAS DE PAGO : EFECTIVO - TARJETA DE CREDITO Y DEBITO (DENTRO DE LOCALES) - DEPOSITO BANCARIO - TRANSFERENCIA BANCARIA,SI NOS AYUDA DANDO CLIK EN COMPRAR, TOMAREMOS SU PEDIDO,SU SASTIFACCION ES NUESTRO PRIVILEGIO",9,Baño Ecologico Para Mascotas Puppy Potty Pad
"PURINA® DOG CHOW® Adultos Razas Medianas y Grandes y Dog Chow Cachorros todos los tamaños,,Tu perro es único - ya creció y le fascina ser un miembro activo de tu familia. Es por eso que se merece un alimento que nutra todo lo que lo hace tan especial. PURINA® DOG CHOW® Adultos Razas Medianas y Grandes y Cachorros todas los tamaños está específicamente formulado con los nutrientes e ingredientes de calidad que lo ayudarán a tener salud y vitalidad por muchos más años.",60,Dog Chow Adultos Medianos Y Grandes  22.7kg
"SOMOS NEGOVENTAS IMPORT,EMPRESA LIDER EN VENTAS ONLINE,LOCALES EN LAS CIUDADES DE GUAYAQUIL, QUITO Y CUENCA.,ENVIOS A TODO EL ECUADOR.,CARACTERISTICAS:,- Tallas M $12, Tallas L $15,- Material de algodon y tela plastica,- Correas de ajuste y cierre,DISPONEMOS LOCALES PARA UN MEJOR SERVICIO DE ATENCION INMEDIATA DE LUNES A DOMINGO,GUAYAQUIL (SECTOR NORTE URDESA CENTRAL) LUNES A VIERNES 9 AM A 19 PM - SABADOS 9 AM A 17PM - DOMINGOS 9 AM A 15 PM.,QUITO (SECTOR NORTE SAN CARLOS) LUNES A VIERNES 9 AM A 19 PM - SABADOS 9 AM A 17PM - DOMINGOS 9 AM A 15 PM.,CUENCA (SECTOR NORTE TOTORACOCHA) LUNES A VIERNES 9 AM A 19 PM - SABADOS 9 AM A 17PM - DOMINGOS 9 AM A 15 PM.,ENVIOS A TODO EL ECUADOR PREVIO DEPOSITO BANCARIO A DOMICILIO O AGENCIAS DE RETIRO, SU PRODUCTO LE LLEGARIA DE 24 A 48 HORAS,VENTAS AL POR MENOR Y MAYOR,NUESTROS PRECIOS SON LOS MEJORES DEL MERCADO,NUESTROS PRODUCTOS TIENEN GARANTIA,TODO PRODUCTO ES REVISADO Y ENTREGADO TOTALMENTE PROBADO PARA SU SEGURIDAD,FORMAS DE PAGO : EFECTIVO - TARJETA DE CREDITO Y DEBITO (DENTRO DE LOCALES) - DEPOSITO BANCARIO - TRANSFERENCIA BANCARIA,HAGA CLIK EN COMPRAR Y TOMAREMOS SU PEDIDO,SU SASTIFACCION ES NUESTRO DEBER",11,Mochilas Portadora De Perros Gatos Y Mascotas
"Maquina Andis AGC2 Para uso Profesional de peluquería canina, dos velocidades, cuchillas desmontables, funcionamiento silencioso. La caja trae:,1. Maquina AGC2,2. Cuchilla número 10,3. Aceite,4. Elevador,Estamos ubicados al Norte de Quito, Entregas personales en Quito, previo acuerdo. Envíos a nivel Nacional por Servientrega y Tramaco.",245,"Maquina Andis Agc2 Profesional, 2 Velocidades"
"NUESTROS PRECIOS SON LOS MEJORES DEL MERCADO,NUESTROS PRODUCTOS TIENEN GARANTIA,TODO PRODUCTO ES REVISADO Y ENTREGADO TOTALMENTE PROBADO PARA SU SEGURIDAD,ENVIOS A NIVEL NACIONAL,VENTAS AL POR MENOR Y MAYOR,**********************************************************************************,Descripción:,Afeitadora Zoofari Profesional. Afeitadora para perros Zoofari para pelo grande o pequeño, con un motor potente, muy silencioso, ideal cuando se utiliza con animales nerviosos. Con bolsa de plástico duro para un fácil transporte. Incluye 4 peines intercambiables de diferentes tamaños para medidas distintas del pelo, tijeras y peine.,**********************************************************************************,Medios de pago:,* Efectivo en nuestro punto de entrega,*Depósito bancario,*Transferencia,*Aceptamos TARJETA DE CREDITO o DEBITO,**********************************************************************************,*Se proporciona número de guía para que el cliente pueda rastrear su paquete.,Si tiene WhatsApp le pedimos nos escriba al número que le aparecerá una vez que de clic en comprar, Y TOMAREMOS SU PEDIDO.,SU SASTIFACCION ES NUESTRO DEBER.",15,Maquina De Cortar Pelo De Perro Gatos Mascotas Zoofari
"LOCALES EN QUITO SECTOR LA VILLA FLORA Y LA CAROLINA,Kennel Jaula Caja Transporte Perros Gatos Cachorros Animales pequeños.,Dimensiones : 49 cm largo x 29 alto x 29 ancho Precio 25 dólares,Dimensiones : 60 cm largo x 35 alto x 35 ancho Precio 40 dólares,Dimensiones : 70 cm largo x 45 alto x 45 ancho Precio 75 dólares,Excelente calidad.,Entrega inmediata.,100 % Nuevo.,Formas de pago: Efectivo, depósito, transferencia bancaria, aceptamos todas las tarjetas de crédito.,Costos de envío corren por cuenta del comprador.,Horarios de atención son: lunes a Sábado: 9:00AM A 18:00PM, Domingos y Feriados 10:00 AM A 16:00 PM.",25,Jaula Caja Kennel Transporte Perros Gatos Cachorros Animales
"Mira ahora nuestro vídeo y conoce más sobre nosotros y nuestros productos.,Para Gatos y Perros.,Tapete Baño de Mascotas para Interiores Potty Patch,- Potty patch evitara que su mascota haga sus necesidades en cualquier lugar de su hogar,- Perfecto para patios e interiores,- Hierba sintética anti-microbiana resistente al olor,- Fácil de limpiar Soporta hasta 7.5 kg,Tiene 3 capas:,-La primera evitara que la mascota manche muebles y pisos con sus patas,-La segunda captura y encapsula los malos olores que podrían generar los desechos,-La tercera contiene y evita que los líquidos se escurran y ensucien las superficies.,Medidas Tapete Baño de Mascotas para Interiores Potty Patch:,- Largo 69.5cm,- Ancho 44.5 cm,- Alto 4.5 cm,====== CESPEDECUADOR PRODUCTOS:,Descubre ahora la gran variedad de opciones decorativas que te ofrecen nuestras gamas de:,• Césped Sintético Decorativo,• Jardines verticales Artificiales,• Plantas y Árboles Artificiales,• Macetas,• Además, disponemos del mejor Césped Sintético deportivo para canchas.,Contáctanos hoy mismo dando click a comprar sin compromiso alguno y solicita asesoría personalizada gratuita de nuestras asesoras profesionales.,Somos MERCADO LIDER GOLD Reconocimiento otorgado por Mercadolibre en base a años de excelente reputación, calificaciones positivas y confianza por parte de nuestros clientes.,Estamos siempre gustosos de servirte.,***** CESPEDECUADOR *****,***** MERCADOLIDER GOLD *****,***** Compra 100% segura. *****",67,Baño De Mascotas Portátil Para Gatos Y Perros
"Transportas constantemente a tu mascota y no sabes donde tenerlo seguro?,Tenemos la solución, corral para mascotas (perros, gatos, conejos, etc) que te permite tenerlo en un espacio seguro, muy cómodamente y con la ventilación adecuada para que el animalito se sienta a gusto.,Tu mascota va a amar este lugar, ya que es un espacio muy ameno y confortable,Tiene puerta lateral para el acceso y se la puede abrir y cerrar mediante un cierre cuando ud desee.,También tiene acceso superior si ud desea utilizarlo,Es muy sencillo de transportar, ya que se dobla en varias partes y lo puedes armar en segundos y sin problemas.,Medidas: Diámetro 91 cm, Altura 60 cm,Disponibles en colores Gris, Azul, Fucsia, Rojo y Rosado",27,"Corral Grande Para Mascotas (perros, Gatos) Viajes Mochila"
"* LOS CACHORROS SE ENTREGAN VACUNADOS Y DESPARASITADOS  CON SU RESPECTIVO CARNET DE MÉDICO VETERINARIO.,*TE ENTREGAMOS COMPLETAMENTE GRATIS EN FORMATO PDF  EL  PROTOCOLO PARA EL CUIDADO DE TU CACHORRO BULLDOG DURANTE LOS PRIMEROS MESES DE EDAD.,* CAMADA COMPUESTA POR 2 MACHOS Y 3 HEMBRAS.,*NACIDOS EL 4 DE MARZO  DEL 2021.,*PADRES A LA VISTA EN LAS INSTALACIONES DE NUESTRO CRIADERO.,*PADRE DE LOS CACHORROS TIENE  PEDIGREE CON REGISTRO EN AERCAN,*ENVIOS A NIVEL NACIONAL A CUALQUIER CIUDAD DEL ECUADOR,* SI DESEAS REALIZAR EL PAGO CON TARJETA DE CRÉDITO FUERA DE LA PROVINCIA DE PICHINCHA, LO RECEPTAMOS POR MEDIO DE NUESTRA CUENTA EN PAYPHONE.,*VALOR DE UN CACHORRO,PAGO EN EFECTIVO $800,PAGO CON TARJETA DE CREDITO $850,BONO EXTRA POR LA COMPRA DE TU CACHORRO SOLO HASTA EL 3 DE MAYO DEL 2021,POR LA COMPRA DE NUESTROS CACHORROS RECIBE COMPLETAMENTE GRATIS UNO DE LOS SIGUIENTES CURSOS ONLINE A TU ELECCIÓN.,1. PROGRAMA ADIESTAMIENTO CANINO ONLINE (VALORADO EN $120),2. PROGRAMA DE ALIMENTACION SALUDABLE CON DIETA BARF (VALORADO EN $70),3. PROGRAMA DE PASTELERIA CANINA (VALORADO EN $70),¡Recuerda que uno de estos hermosos cachorritos puede llegar a convertirse en tu mejor amigo!",800,Hermosos Cachorros Bulldog Ingles
"Perfecto para visitas al Veterinario, paseos, viajes por carro/avión o recorrer lugares públicos.,Las mochilas están aprobadas por la TSA (Administración en la Seguridad del Transporte USA) para que puedas llevar a tu mascota en cabina de avión sin ningún problema.,• dos rejillas de respiración a los lados y una rejilla frontal, para que su mascotita pueda percibir la brisa y respire aire fresco,• tiene dos ingresos para tu gatito o perrito, uno en la parte lateral, además el cierre principal que es muy amplio.,• Cuenta con una colchoneta cómoda para que tu mascotita viaje relax, es removible y fácil de limpiar,• Adentro de la mochila tiene un enganche para sujetar la correa de tu mascota,• Cobertura transparente ( poli carbonato de calidad alimentaria) para que puedan ver el exterior. Contiene orificios para una mejor circulación del aire.,• Viene con Cápsula transparente la cual se puede retirar y colocar una rejilla la cual también se incluye en la maleta.,• bolsillo lateral para llevar el agua de tu mascotita",24,Mochila Bolso Con Cápsula  Transportar Perros Gatos Mascotas
"Cortador de pelo para el cuidado de tu mejor amigo como todo un profesional.,Ideal para pasar tiempo de calidad con tu mascota, demuéstrale cuanto le amas cuidando de ella.,Diseño Moderno, compacto y portátil,Baja vibración y ruido para no asustar al animalito,Fácil de manejar, agarre seguro, no se atasca,Cepillos con 5 niveles de ajuste para lograr el largo deseado y cortar como todo un profesional.,Cabezal demontable para fácil limpieza con agua,Batería de litio de calidad hasta 3 horas de uso continuo,El kit incluye:,1 Tijeras,1 peine para desenredar,1 corta uñas,1 Lima,4 cepillos,1 botella lubricante para la cortadora,1 cepillo para la limpieza del equipo,1 cargador USB,----------------------------------------------------------------------------------------------------------------------------,SOMOS MERCADO LIDER GOLD, 6 AÑOS VENDIENDO EN EL SITIO, NUESTROS CLIENTES NOS RECOMIENDAN POR LA CALIDAD DE NUESTROS PRODUCTOS Y POR EL SERVICIO ATENTO Y PERSONALIZADO. SU COMPRA 100% SEGURA.,------------------------------------------------------------------------------------------------------------------------,Estamos Ubicados en el Norte de Quito Sector Avenida del Maestro,Aceptamos pagos por transferencia o efectivo,Realizamos envíos a todo el país con costo adicional de envío,Tenemos los precios más bajos del mercado",19,Máquina Cortadora Pelo Mascotas Perros Y Gatos Kit Completo
Hermoso Chihuahua  macho blanco 3 meses y medio casi 4 meses. Todas las vacunas al día se encuentra desparasitado y muy bien cuidado. Ideal para familias una mascota perfecta para departamentos! envío nacional (costo adicional). Madre a la vista,200,Cachorro Chihuahua Macho
Hermoso macho alaskan malamute de buena genética. Con su respectiva vacuna y desparacitacion. Muy bien cuidado. Envíos a todo el país. Entrega inmediata.,285,Alaskan Malamute Excelente Genética Hermosos Macho Y Hembra
"SOMOS DISTRIBUIDORA VASQUEZ, CONTAMOS CON LOCALES EN GUAYAQUIL, QUITO Y CUENCA, PARA QUE REALICE SU COMPRA DE FORMA SEGURA Y CON GARANTIA,*GUAYAQUIL,URDESA CENTRAL, CIRCUNVALACION SUR,C.C. ECONEGOCIOS,C.C. GRAN ALBOCENTRO,*QUITO,SECTOR RUMIÑAHUI, AV REAL AUDIENCIA,*CUENCA,SECTOR TOTORACOCHA, AV LOS ANDES,-------------------------------------------------------------------,*Maleta para transportar,*4 estacas *2 tiras con fibra de carbono para armar,*Sistema Impermeable,*Carpa Dimensiones 2mx2m,OFERTA + SLEEPING BAG,--------------------------------------------------------------------,REALIZAMOS ENVIOS A TODO EL ECUADOR",25,Carpa Camping 4 Personas + Sleeping Bag . Combo Aventura #1
Hermosas cachorras bichon frisé de 2 meses super enanas de encuentran vacunadas y desparacitadas. Muy bien cuidadas.,250,Bichon Frisé Miniatura Ideales Para Departamentos
"""""""ANTES DE DAR CLICK EN COMPRAR REALIZE TODAS LAS PREGUNTAS NECESARIAS, SI NO SE REALIZA LA VENTA EN 48 HORAS SE CALIFICARA NEGATIVAMENTE """""",CACHORROS PUG CARLINO ENVIOS A NIVEL NACIONAL,VENDO EXELENTE EJEMPLARES EN GENÉTICA PUG CARLINO MACHOS Y HEMBRAS DE MES Y MEDIO DE EDAD FOTOS A LA VISTA,,DISPONEMOS DE CACHORROS MACHOS Y HEMBRAS,FOTOS A LA VISTA VACUNADO Y DESPARASITADO CON SU RESPECTIVO CARNET",360,Cachorros Pug Carlino Envios A Nivel Nacional
Golden retriever envíos y entregas a nivel nacional,290,Golden Retriever   Envíos Y Entregas A Todo El País
El vendedor no incluyó una descripción del producto,285,Chow Chow Hermosos Lengua Morada
"Hermoso Bulldog Ingles macho disponible, buena trufa y hueso,Genealogía colombiana,Solo Interesados,Ultimas fotos de sus camadas e hijos,Ojo : Antes de dar click en comprar , realiza las respectivas preguntas",100,Bulldog Ingles Para Monta
¡REALIZAR CUALQUIER PREGUNTA ANTES DE COMPRAR¡,68,Dog Chow Adulto 22.7 Kg Promocion
El vendedor no incluyó una descripción del producto,420,Beagle Tricolor Envios Y Entregas A Nivel Nacional
"Shitzu cachorro,Vacuna,Alimento nutra pro cachorros,Tricolor",385,Shitzu Con Vacuna
"Cocker Spaniel  Inglés,De.dos meses.,Vacunados  y desparasitados,Listos para un nuevo hogar,Entregas al instante dentro y fuera de la ciudad",225,Cocker Spaniel Inglés
